{
    "povo_1_258": {
        "center": [
            44.90829849243164,
            22.771940231323242
        ],
        "max": [
            22.39753608210463,
            9.186827583119864
        ],
        "min": [
            35.03972144624362,
            11.22241122946064
        ]
    },
    "povo_2_114": {
        "center": [
            -45.29248103473563,
            -61.78002583678
        ],
        "max": [
            -47.51499525728582,
            -60.725703756270576
        ],
        "min": [
            -42.820690113683625,
            -63.10246642453386
        ]
    },
    "povo_2_115": {
        "center": [
            -42.974938559396726,
            -59.46248336144109
        ],
        "max": [
            -45.19745278194691,
            -58.408161280931665
        ],
        "min": [
            -40.503147638344714,
            -60.78492394919495
        ]
    },
    "povo_2_116": {
        "center": [
            -40.657396084057815,
            -57.14494088610218
        ],
        "max": [
            -42.879910306608,
            -56.090618805592754
        ],
        "min": [
            -38.1856051630058,
            -58.46738147385604
        ]
    },
    "povo_1_235": {
        "center": [
            81.577512308298,
            49.274920717276444
        ],
        "max": [
            79.5512094384603,
            49.36993819099838
        ],
        "min": [
            83.6038151781357,
            49.17990324355449
        ]
    },
    "povo_2_136": {
        "center": [
            -33.99202000883133,
            -63.81973786569995
        ],
        "max": [
            -36.869502666522344,
            -62.1010264456784
        ],
        "min": [
            -31.114537351140328,
            -65.53844928572151
        ]
    },
    "povo_1_255": {
        "center": [
            12.454395834795333,
            26.113745020899376
        ],
        "max": [
            6.841186896000584,
            24.74317676922391
        ],
        "min": [
            18.422712088359752,
            27.83942058734451
        ]
    },
    "povo_2_125": {
        "center": [
            -19.999078716616175,
            -36.468024344597765
        ],
        "max": [
            -22.408285107780962,
            -35.61899360676571
        ],
        "min": [
            -17.327722884955612,
            -37.609499195805846
        ]
    },
    "povo_2_159": {
        "center": [
            -21.873070882268415,
            -6.464179144774977
        ],
        "max": [
            -25.604407758744152,
            -7.702417885520819
        ],
        "min": [
            -18.494449073913415,
            -5.5422066689959175
        ]
    },
    "povo_2_122": {
        "center": [
            -26.951706142632908,
            -43.4206517706145
        ],
        "max": [
            -29.360912533797688,
            -42.571621032782446
        ],
        "min": [
            -24.280350310972345,
            -44.56212662182257
        ]
    },
    "povo_2_130": {
        "center": [
            -47.89727486086479,
            -77.72499271773341
        ],
        "max": [
            -50.774757518555795,
            -76.00628129771187
        ],
        "min": [
            -45.019792203173786,
            -79.44370413775496
        ]
    },
    "povo_1_236": {
        "center": [
            78.87371275373594,
            46.57112116271439
        ],
        "max": [
            76.84740988389824,
            46.66613863643633
        ],
        "min": [
            80.90001562357365,
            46.47610368899244
        ]
    },
    "povo_1_234": {
        "center": [
            86.93605588447731,
            53.57280412167593
        ],
        "max": [
            84.86069748169479,
            52.55810589067323
        ],
        "min": [
            89.01141428725983,
            54.58750235267863
        ]
    },
    "povo_1_256": {
        "center": [
            17.404143303101165,
            21.163997552593543
        ],
        "max": [
            11.790934364306414,
            19.793429300918078
        ],
        "min": [
            23.372459556665582,
            22.889673119038672
        ]
    },
    "povo_2_192": {
        "center": [
            -55.3236638302765,
            -28.582839192221325
        ],
        "max": [
            -57.49403970678096,
            -27.571234553386322
        ],
        "min": [
            -53.15328795377204,
            -29.59444383105633
        ]
    },
    "povo_1_211": {
        "center": [
            24.38936749635949,
            50.06953196263483
        ],
        "max": [
            21.302404454741968,
            51.225209608136595
        ],
        "min": [
            27.476330537977006,
            48.91385431713307
        ]
    },
    "povo_2_148": {
        "center": [
            -1.6118327313463547,
            -32.85376415058808
        ],
        "max": [
            -3.782208607850814,
            -31.84215951175307
        ],
        "min": [
            0.5585431451581044,
            -33.86536878942308
        ]
    },
    "povo_2_147": {
        "center": [
            -3.929375206685264,
            -35.17130662592699
        ],
        "max": [
            -6.099751083189723,
            -34.15970198709198
        ],
        "min": [
            -1.7589993301808047,
            -36.182911264761984
        ]
    },
    "povo_1_244": {
        "center": [
            66.22534020526157,
            36.04406895779967
        ],
        "max": [
            63.13837716364405,
            37.199746603301435
        ],
        "min": [
            69.3123032468791,
            34.8883913122979
        ]
    },
    "povo_2_158": {
        "center": [
            -18.88645864068024,
            -9.481342056141157
        ],
        "max": [
            -22.068873852811414,
            -11.237951791453558
        ],
        "min": [
            -16.0195753397605,
            -8.017080403148833
        ]
    },
    "povo_2_137": {
        "center": [
            -31.67447753349242,
            -61.50219539036104
        ],
        "max": [
            -34.55196019118343,
            -59.78348397033949
        ],
        "min": [
            -28.796994875801417,
            -63.2209068103826
        ]
    },
    "povo_1_237": {
        "center": [
            73.81279994050318,
            54.30612144749203
        ],
        "max": [
            70.26071021714556,
            56.34289493697422
        ],
        "min": [
            77.07633570430738,
            51.844811925151305
        ]
    },
    "povo_2_110": {
        "center": [
            -54.56265093609128,
            -71.05019573813564
        ],
        "max": [
            -56.78516515864145,
            -69.9958736576262
        ],
        "min": [
            -52.09086001503926,
            -72.37263632588949
        ]
    },
    "povo_1_219": {
        "center": [
            57.270580722937126,
            70.84834066505809
        ],
        "max": [
            53.643700859261685,
            72.95990429485809
        ],
        "min": [
            60.45932634642352,
            68.46182128303516
        ]
    },
    "povo_1_257": {
        "center": [
            22.70744416200027,
            15.860696693694436
        ],
        "max": [
            17.094235223205523,
            14.490128442018971
        ],
        "min": [
            28.67576041556469,
            17.586372260139566
        ]
    },
    "povo_2_193": {
        "center": [
            -53.19924989454917,
            -26.458425256493992
        ],
        "max": [
            -55.562754310665206,
            -25.63994915727056
        ],
        "min": [
            -50.83574547843313,
            -27.27690135571742
        ]
    },
    "povo_2_154": {
        "center": [
            -9.536777077590322,
            -18.85118290473084
        ],